eliasegg,10c49945-56f3-4a19-9f1f-8087fea92b06
jigbon,43015a4f-140e-474e-872f-f7b0b4d79313
retrovidya,58e04810-1da0-4e17-ba7f-f2c22e90047f
lordsherman,7e418993-7482-43b2-a8f6-740d6a308ce5
smattox,fea22ef0-3efd-463b-8d3f-cc0e543fa57c
bermude,34a088b2-b968-466c-904e-189d45ad2080
allandev,bdc83502-6d75-4c26-a633-729e9ed81aee
robert_beckley,c0a68af6-e4ee-4b2b-b6bd-4287d97f0755
robsalt,a1715a94-02b9-4b78-8b68-256497cef79f
spiderrobotman,28bb290c-cce5-481c-b158-d7f9a042100d
julicarles,171a862d-e796-473d-99f3-fb4beccd2635
cory,3716427e-76ac-4df4-a50a-706618a70f0c
shinichitakeshi,543a3545-42d3-409b-9ccf-dfbd4fcda8e7
